experiment_id,policy_behavior,llm_behavior
pg-q1-aligned-full-context,"Tracks the ball and moves the paddle to line up returns, with occasional no-op or fire-variant actions from the extracted controller.","Matches: says the policy tracks the ball and moves to line up returns."
pg-q1-ignore-ball-full-context,"Largely ignores the ball, mostly drifting in one direction and firing instead of reliably tracking incoming shots.","- Says the policy tracks the ball and lines up returns.
- Misses that it mostly drifts and fires instead of reliably following the ball.
- Overstates how competent the controller is."
pg-q2-aligned-full-context,"Tracks the ball and moves the paddle to line up returns, with occasional no-op or fire-variant actions from the extracted controller.","Matches: says the policy tracks the ball and adjusts paddle position to intercept it."
pg-q3-ignore-ball-full-context,"Largely ignores the ball, mostly drifting in one direction and firing instead of reliably tracking incoming shots.","- Says the policy tracks and returns the ball successfully.
- Misses that it mostly drifts and fires instead of reliably following the ball.
- Incorrectly concludes the policy should perform well."
pg-q4-aligned-slow-ball,"Uses the same ball-tracking return strategy; with a slower ball the task becomes easier, so it should still line up and return shots.","Matches: says the same tracking strategy should work even better with a slower ball."
pg-q4-aligned-lazy-enemy,Uses the same ball-tracking return strategy; with a lazy opponent it should still return the ball and get easier scoring opportunities.,"Matches: says the policy still tracks the ball and should benefit from the lazier opponent."
